-- ============================================================
-- Jaxtina Lite LMS – Seed Data
-- Run AFTER schema.sql
-- ============================================================

-- Clear existing data (order respects FK constraints)
TRUNCATE resources, attendance, assessments, homework, enrolments, students, classes, courses, users RESTART IDENTITY CASCADE;

-- ============================================================
-- USERS (2 managers + 5 teachers)
-- password: 'password123' → bcrypt hash placeholder
-- ============================================================
INSERT INTO users (id, name, email, password_hash, role) VALUES
  ('00000000-0000-0000-0000-000000000001', 'Academic Manager',  'manager@jaxtina.com',   '$2b$10$EixZaYVK1fsbw1ZfbX3OXePaWxn96p36WQoeG6Lruj3vjPGga31lW', 'manager'),
  ('00000000-0000-0000-0000-000000000002', 'Linh Nguyen',       'linh@jaxtina.com',      '$2b$10$EixZaYVK1fsbw1ZfbX3OXePaWxn96p36WQoeG6Lruj3vjPGga31lW', 'manager'),
  ('00000000-0000-0000-0000-000000000003', 'Sarah Mitchell',    'sarah@jaxtina.com',     '$2b$10$EixZaYVK1fsbw1ZfbX3OXePaWxn96p36WQoeG6Lruj3vjPGga31lW', 'teacher'),
  ('00000000-0000-0000-0000-000000000004', 'James Tran',        'james@jaxtina.com',     '$2b$10$EixZaYVK1fsbw1ZfbX3OXePaWxn96p36WQoeG6Lruj3vjPGga31lW', 'teacher'),
  ('00000000-0000-0000-0000-000000000005', 'Anna Pham',         'anna@jaxtina.com',      '$2b$10$EixZaYVK1fsbw1ZfbX3OXePaWxn96p36WQoeG6Lruj3vjPGga31lW', 'teacher'),
  ('00000000-0000-0000-0000-000000000006', 'David Le',          'david@jaxtina.com',     '$2b$10$EixZaYVK1fsbw1ZfbX3OXePaWxn96p36WQoeG6Lruj3vjPGga31lW', 'teacher'),
  ('00000000-0000-0000-0000-000000000007', 'Emily Hoang',       'emily@jaxtina.com',     '$2b$10$EixZaYVK1fsbw1ZfbX3OXePaWxn96p36WQoeG6Lruj3vjPGga31lW', 'teacher');

-- ============================================================
-- COURSES (6 IELTS courses)
-- ============================================================
INSERT INTO courses (id, code, name, level, course_type, duration_weeks, tuition_fee) VALUES
  ('10000000-0000-0000-0000-000000000001', 'IF1', 'IELTS Foundation 1', 'Foundation', 'IELTS', 12, 4800000),
  ('10000000-0000-0000-0000-000000000002', 'IF2', 'IELTS Foundation 2', 'Foundation', 'IELTS', 12, 4800000),
  ('10000000-0000-0000-0000-000000000003', 'IB1', 'IELTS Booster 1',    'Booster',    'IELTS', 10, 5200000),
  ('10000000-0000-0000-0000-000000000004', 'IB2', 'IELTS Booster 2',    'Booster',    'IELTS', 10, 5200000),
  ('10000000-0000-0000-0000-000000000005', 'IA1', 'IELTS Achiever 1',   'Achiever',   'IELTS', 10, 5800000),
  ('10000000-0000-0000-0000-000000000006', 'IA2', 'IELTS Achiever 2',   'Achiever',   'IELTS', 10, 5800000);

-- ============================================================
-- CLASSES (4 classes)
-- ============================================================
INSERT INTO classes (id, class_code, class_name, course_id, teacher_id, start_date, end_date, schedule, capacity, status) VALUES
  ('20000000-0000-0000-0000-000000000001', 'IF1-A', 'Foundation 1 - Class A', '10000000-0000-0000-0000-000000000001', '00000000-0000-0000-0000-000000000003', '2026-01-06', '2026-04-04', 'Mon/Wed/Fri 18:00–20:00', 15, 'Ongoing'),
  ('20000000-0000-0000-0000-000000000002', 'IB1-B', 'Booster 1 - Class B',    '10000000-0000-0000-0000-000000000003', '00000000-0000-0000-0000-000000000004', '2026-01-13', '2026-03-24', 'Tue/Thu 18:00–21:00',    12, 'Ongoing'),
  ('20000000-0000-0000-0000-000000000003', 'IA1-C', 'Achiever 1 - Class C',   '10000000-0000-0000-0000-000000000005', '00000000-0000-0000-0000-000000000005', '2026-02-02', '2026-04-13', 'Mon/Wed 18:00–21:00',    10, 'Ongoing'),
  ('20000000-0000-0000-0000-000000000004', 'IF2-D', 'Foundation 2 - Class D', '10000000-0000-0000-0000-000000000002', '00000000-0000-0000-0000-000000000006', '2026-03-02', '2026-06-01', 'Sat/Sun 08:00–11:00',    15, 'Open for enrolment');

-- ============================================================
-- STUDENTS (8 students)
-- ============================================================
INSERT INTO students (id, student_code, name, email, phone) VALUES
  ('30000000-0000-0000-0000-000000000001', 'S001', 'Nguyen Thi Mai',    'mai.nguyen@email.com',   '0901234567'),
  ('30000000-0000-0000-0000-000000000002', 'S002', 'Tran Van Duc',      'duc.tran@email.com',     '0912345678'),
  ('30000000-0000-0000-0000-000000000003', 'S003', 'Le Thi Hoa',        'hoa.le@email.com',       '0923456789'),
  ('30000000-0000-0000-0000-000000000004', 'S004', 'Pham Quoc Bao',     'bao.pham@email.com',     '0934567890'),
  ('30000000-0000-0000-0000-000000000005', 'S005', 'Hoang Minh Thu',    'thu.hoang@email.com',    '0945678901'),
  ('30000000-0000-0000-0000-000000000006', 'S006', 'Vo Thi Lan',        'lan.vo@email.com',       '0956789012'),
  ('30000000-0000-0000-0000-000000000007', 'S007', 'Dang Tuan Kiet',    'kiet.dang@email.com',    '0967890123'),
  ('30000000-0000-0000-0000-000000000008', 'S008', 'Bui Ngoc Anh',      'anh.bui@email.com',      '0978901234');

-- ============================================================
-- ENROLMENTS
-- ============================================================
INSERT INTO enrolments (student_id, class_id, target_exam_date, status) VALUES
  -- IF1-A (3 students)
  ('30000000-0000-0000-0000-000000000001', '20000000-0000-0000-0000-000000000001', '2026-05-15', 'Active'),
  ('30000000-0000-0000-0000-000000000002', '20000000-0000-0000-0000-000000000001', '2026-05-15', 'Active'),
  ('30000000-0000-0000-0000-000000000003', '20000000-0000-0000-0000-000000000001', '2026-06-01', 'Active'),
  -- IB1-B (2 students)
  ('30000000-0000-0000-0000-000000000004', '20000000-0000-0000-0000-000000000002', '2026-04-10', 'Active'),
  ('30000000-0000-0000-0000-000000000005', '20000000-0000-0000-0000-000000000002', '2026-04-10', 'Active'),
  -- IA1-C (2 students)
  ('30000000-0000-0000-0000-000000000006', '20000000-0000-0000-0000-000000000003', '2026-05-01', 'Active'),
  ('30000000-0000-0000-0000-000000000007', '20000000-0000-0000-0000-000000000003', '2026-05-01', 'Active'),
  -- IF2-D (1 student)
  ('30000000-0000-0000-0000-000000000008', '20000000-0000-0000-0000-000000000004', '2026-09-01', 'Active');

-- ============================================================
-- HOMEWORK (sample rows)
-- ============================================================
INSERT INTO homework (class_id, student_id, title, skill, due_date, status, score) VALUES
  ('20000000-0000-0000-0000-000000000001', '30000000-0000-0000-0000-000000000001', 'Reading Practice Test 1', 'Reading',  '2026-03-10', 'Checked',   72),
  ('20000000-0000-0000-0000-000000000001', '30000000-0000-0000-0000-000000000002', 'Reading Practice Test 1', 'Reading',  '2026-03-10', 'Submitted', 65),
  ('20000000-0000-0000-0000-000000000001', '30000000-0000-0000-0000-000000000003', 'Reading Practice Test 1', 'Reading',  '2026-03-10', 'Missing',   NULL),
  ('20000000-0000-0000-0000-000000000001', '30000000-0000-0000-0000-000000000001', 'Writing Task 2 Essay',    'Writing',  '2026-03-17', 'Checked',   68),
  ('20000000-0000-0000-0000-000000000001', '30000000-0000-0000-0000-000000000002', 'Writing Task 2 Essay',    'Writing',  '2026-03-17', 'Late',      NULL),
  ('20000000-0000-0000-0000-000000000002', '30000000-0000-0000-0000-000000000004', 'Listening Section 3',     'Listening','2026-03-12', 'Checked',   80),
  ('20000000-0000-0000-0000-000000000002', '30000000-0000-0000-0000-000000000005', 'Listening Section 3',     'Listening','2026-03-12', 'Submitted', 75),
  ('20000000-0000-0000-0000-000000000003', '30000000-0000-0000-0000-000000000006', 'Speaking Part 2 Cue',     'Speaking', '2026-03-15', 'Checked',   78),
  ('20000000-0000-0000-0000-000000000003', '30000000-0000-0000-0000-000000000007', 'Speaking Part 2 Cue',     'Speaking', '2026-03-15', 'Missing',   NULL);

-- ============================================================
-- ASSESSMENTS (sample rows)
-- ============================================================
INSERT INTO assessments (class_id, student_id, assessment_date, assessment_type, assessment_name, max_score, score) VALUES
  ('20000000-0000-0000-0000-000000000001', '30000000-0000-0000-0000-000000000001', '2026-02-14', 'Mock Test', 'Full Mock 1', 100, 62),
  ('20000000-0000-0000-0000-000000000001', '30000000-0000-0000-0000-000000000002', '2026-02-14', 'Mock Test', 'Full Mock 1', 100, 58),
  ('20000000-0000-0000-0000-000000000001', '30000000-0000-0000-0000-000000000003', '2026-02-14', 'Mock Test', 'Full Mock 1', 100, 45),
  ('20000000-0000-0000-0000-000000000001', '30000000-0000-0000-0000-000000000001', '2026-03-07', 'Mock Test', 'Full Mock 2', 100, 68),
  ('20000000-0000-0000-0000-000000000001', '30000000-0000-0000-0000-000000000002', '2026-03-07', 'Mock Test', 'Full Mock 2', 100, 63),
  ('20000000-0000-0000-0000-000000000001', '30000000-0000-0000-0000-000000000003', '2026-03-07', 'Mock Test', 'Full Mock 2', 100, 48),
  ('20000000-0000-0000-0000-000000000002', '30000000-0000-0000-0000-000000000004', '2026-02-20', 'Mock Test', 'Full Mock 1', 100, 75),
  ('20000000-0000-0000-0000-000000000002', '30000000-0000-0000-0000-000000000005', '2026-02-20', 'Mock Test', 'Full Mock 1', 100, 70),
  ('20000000-0000-0000-0000-000000000003', '30000000-0000-0000-0000-000000000006', '2026-03-05', 'Mock Test', 'Full Mock 1', 100, 80),
  ('20000000-0000-0000-0000-000000000003', '30000000-0000-0000-0000-000000000007', '2026-03-05', 'Mock Test', 'Full Mock 1', 100, 72);

-- ============================================================
-- ATTENDANCE (sample rows — last 3 sessions)
-- ============================================================
INSERT INTO attendance (class_id, student_id, session_date, status) VALUES
  -- IF1-A sessions
  ('20000000-0000-0000-0000-000000000001', '30000000-0000-0000-0000-000000000001', '2026-03-09', 'Present'),
  ('20000000-0000-0000-0000-000000000001', '30000000-0000-0000-0000-000000000002', '2026-03-09', 'Present'),
  ('20000000-0000-0000-0000-000000000001', '30000000-0000-0000-0000-000000000003', '2026-03-09', 'Absent'),
  ('20000000-0000-0000-0000-000000000001', '30000000-0000-0000-0000-000000000001', '2026-03-11', 'Present'),
  ('20000000-0000-0000-0000-000000000001', '30000000-0000-0000-0000-000000000002', '2026-03-11', 'Late'),
  ('20000000-0000-0000-0000-000000000001', '30000000-0000-0000-0000-000000000003', '2026-03-11', 'Absent'),
  ('20000000-0000-0000-0000-000000000001', '30000000-0000-0000-0000-000000000001', '2026-03-13', 'Present'),
  ('20000000-0000-0000-0000-000000000001', '30000000-0000-0000-0000-000000000002', '2026-03-13', 'Present'),
  ('20000000-0000-0000-0000-000000000001', '30000000-0000-0000-0000-000000000003', '2026-03-13', 'Absent'),
  -- IB1-B sessions
  ('20000000-0000-0000-0000-000000000002', '30000000-0000-0000-0000-000000000004', '2026-03-10', 'Present'),
  ('20000000-0000-0000-0000-000000000002', '30000000-0000-0000-0000-000000000005', '2026-03-10', 'Present'),
  ('20000000-0000-0000-0000-000000000002', '30000000-0000-0000-0000-000000000004', '2026-03-12', 'Present'),
  ('20000000-0000-0000-0000-000000000002', '30000000-0000-0000-0000-000000000005', '2026-03-12', 'Absent'),
  -- IA1-C sessions
  ('20000000-0000-0000-0000-000000000003', '30000000-0000-0000-0000-000000000006', '2026-03-09', 'Present'),
  ('20000000-0000-0000-0000-000000000003', '30000000-0000-0000-0000-000000000007', '2026-03-09', 'Present'),
  ('20000000-0000-0000-0000-000000000003', '30000000-0000-0000-0000-000000000006', '2026-03-11', 'Present'),
  ('20000000-0000-0000-0000-000000000003', '30000000-0000-0000-0000-000000000007', '2026-03-11', 'Late');
